nucleus_id,symbol,isotope,most_abundant,nuclear_charge
1,H,1,1,1
2,H,2,0,1
3,H,3,0,1
4,H,4,0,1
5,He,3,0,2
6,He,4,1,2
7,He,5,0,2
8,He,6,0,2
9,He,8,0,2
10,He,10,0,2
11,Li,4,0,3
12,Li,5,0,3
13,Li,6,0,3
14,Li,7,1,3
15,Li,8,0,3
16,Li,9,0,3
17,Li,11,0,3
18,Be,6,0,4
19,Be,7,0,4
20,Be,8,0,4
21,Be,9,1,4
22,Be,10,0,4
23,Be,11,0,4
24,Be,12,0,4
25,Be,14,0,4
26,B,8,0,5
27,B,9,0,5
28,B,10,0,5
29,B,11,1,5
30,B,12,0,5
31,B,13,0,5
32,B,14,0,5
33,B,16,0,5
34,C,8,0,6
35,C,10,0,6
36,C,11,0,6
37,C,12,1,6
38,C,13,0,6
39,C,14,0,6
40,C,15,0,6
41,C,16,0,6
42,C,18,0,6
43,C,20,0,6
44,C,22,0,6
45,N,12,0,7
46,N,13,0,7
47,N,14,1,7
48,N,15,0,7
49,N,16,0,7
50,N,17,0,7
51,N,18,0,7
52,O,12,0,8
53,O,14,0,8
54,O,15,0,8
55,O,16,1,8
56,O,17,0,8
57,O,18,0,8
58,O,19,0,8
59,O,20,0,8
60,O,22,0,8
61,O,24,0,8
62,O,26,0,8
63,F,16,0,9
64,F,17,0,9
65,F,18,0,9
66,F,19,1,9
67,F,20,0,9
68,F,21,0,9
69,F,26,0,9
70,Ne,16,0,10
71,Ne,17,0,10
72,Ne,18,0,10
73,Ne,19,0,10
74,Ne,20,1,10
75,Ne,21,0,10
76,Ne,22,0,10
77,Ne,23,0,10
78,Ne,24,0,10
79,Ne,26,0,10
80,Ne,28,0,10
81,Ne,30,0,10
82,Ne,32,0,10
83,Ne,34,0,10
84,Na,20,0,11
85,Na,21,0,11
86,Na,22,0,11
87,Na,23,1,11
88,Na,24,0,11
89,Na,25,0,11
90,Na,26,0,11
91,Na,27,0,11
92,Na,28,0,11
93,Na,29,0,11
94,Na,30,0,11
95,Na,31,0,11
96,Mg,20,0,12
97,Mg,21,0,12
98,Mg,22,0,12
99,Mg,23,0,12
100,Mg,24,1,12
101,Mg,25,0,12
102,Mg,26,0,12
103,Mg,27,0,12
104,Mg,28,0,12
105,Mg,29,0,12
106,Mg,30,0,12
107,Mg,32,0,12
108,Mg,34,0,12
109,Mg,36,0,12
110,Mg,38,0,12
111,Mg,40,0,12
112,Al,23,0,13
113,Al,24,0,13
114,Al,25,0,13
115,Al,26,0,13
116,Al,27,1,13
117,Al,28,0,13
118,Al,29,0,13
119,Al,30,0,13
120,Al,32,0,13
121,Si,22,0,14
122,Si,24,0,14
123,Si,25,0,14
124,Si,26,0,14
125,Si,27,0,14
126,Si,28,1,14
127,Si,29,0,14
128,Si,30,0,14
129,Si,31,0,14
130,Si,32,0,14
131,Si,34,0,14
132,Si,36,0,14
133,Si,38,0,14
134,Si,40,0,14
135,Si,42,0,14
136,Si,44,0,14
137,P,27,0,15
138,P,28,0,15
139,P,29,0,15
140,P,30,0,15
141,P,31,1,15
142,P,32,0,15
143,P,33,0,15
144,P,34,0,15
145,P,35,0,15
146,P,36,0,15
147,S,28,0,16
148,S,29,0,16
149,S,30,0,16
150,S,31,0,16
151,S,32,1,16
152,S,33,0,16
153,S,34,0,16
154,S,35,0,16
155,S,36,0,16
156,S,37,0,16
157,S,38,0,16
158,S,40,0,16
159,S,42,0,16
160,S,44,0,16
161,S,46,0,16
162,S,48,0,16
163,Cl,32,0,17
164,Cl,33,0,17
165,Cl,34,0,17
166,Cl,35,1,17
167,Cl,36,0,17
168,Cl,37,0,17
169,Cl,38,0,17
170,Cl,39,0,17
171,Cl,40,0,17
172,Ar,31,0,18
173,Ar,32,0,18
174,Ar,33,0,18
175,Ar,34,0,18
176,Ar,35,0,18
177,Ar,36,0,18
178,Ar,37,0,18
179,Ar,38,0,18
180,Ar,39,0,18
181,Ar,40,1,18
182,Ar,41,0,18
183,Ar,42,0,18
184,Ar,44,0,18
185,Ar,46,0,18
186,Ar,48,0,18
187,Ar,50,0,18
188,Ar,52,0,18
189,K,35,0,19
190,K,36,0,19
191,K,37,0,19
192,K,38,0,19
193,K,39,1,19
194,K,40,0,19
195,K,41,0,19
196,K,42,0,19
197,K,43,0,19
198,K,44,0,19
199,K,45,0,19
200,K,47,0,19
201,Ca,34,0,20
202,Ca,36,0,20
203,Ca,37,0,20
204,Ca,38,0,20
205,Ca,39,0,20
206,Ca,40,1,20
207,Ca,41,0,20
208,Ca,42,0,20
209,Ca,43,0,20
210,Ca,44,0,20
211,Ca,45,0,20
212,Ca,46,0,20
213,Ca,47,0,20
214,Ca,48,0,20
215,Ca,49,0,20
216,Ca,50,0,20
217,Ca,52,0,20
218,Ca,54,0,20
219,Ca,56,0,20
220,Sc,40,0,21
221,Sc,41,0,21
222,Sc,42,0,21
223,Sc,43,0,21
224,Sc,44,0,21
225,Sc,45,1,21
226,Sc,46,0,21
227,Sc,47,0,21
228,Sc,48,0,21
229,Sc,49,0,21
230,Sc,50,0,21
231,Ti,38,0,22
232,Ti,40,0,22
233,Ti,41,0,22
234,Ti,42,0,22
235,Ti,43,0,22
236,Ti,44,0,22
237,Ti,45,0,22
238,Ti,46,1,22
239,Ti,47,0,22
240,Ti,48,0,22
241,Ti,49,0,22
242,Ti,50,0,22
243,Ti,51,0,22
244,Ti,52,0,22
245,Ti,54,0,22
246,Ti,56,0,22
247,Ti,58,0,22
248,Ti,60,0,22
249,V,45,0,23
250,V,46,0,23
251,V,47,0,23
252,V,48,0,23
253,V,49,0,23
254,V,50,0,23
255,V,51,1,23
256,V,52,0,23
257,V,53,0,23
258,V,54,0,23
259,V,56,0,23
260,Cr,42,0,24
261,Cr,44,0,24
262,Cr,46,0,24
263,Cr,47,0,24
264,Cr,48,0,24
265,Cr,49,0,24
266,Cr,50,0,24
267,Cr,51,0,24
268,Cr,52,0,24
269,Cr,53,1,24
270,Cr,54,0,24
271,Cr,55,0,24
272,Cr,56,0,24
273,Cr,58,0,24
274,Cr,60,0,24
275,Cr,62,0,24
276,Cr,64,0,24
277,Cr,66,0,24
278,Mn,48,0,25
279,Mn,49,0,25
280,Mn,50,0,25
281,Mn,51,0,25
282,Mn,52,0,25
283,Mn,53,0,25
284,Mn,54,0,25
285,Mn,55,1,25
286,Mn,56,0,25
287,Mn,57,0,25
288,Mn,58,0,25
289,Mn,60,0,25
290,Mn,69,0,25
291,Fe,46,0,26
292,Fe,48,0,26
293,Fe,50,0,26
294,Fe,51,0,26
295,Fe,52,0,26
296,Fe,53,0,26
297,Fe,54,0,26
298,Fe,55,0,26
299,Fe,56,1,26
300,Fe,57,0,26
301,Fe,58,0,26
302,Fe,59,0,26
303,Fe,60,0,26
304,Fe,62,0,26
305,Fe,64,0,26
306,Fe,66,0,26
307,Fe,68,0,26
308,Fe,69,0,26
309,Fe,70,0,26
310,Fe,72,0,26
311,Co,54,0,27
312,Co,55,0,27
313,Co,56,0,27
314,Co,57,0,27
315,Co,58,0,27
316,Co,59,1,27
317,Co,60,0,27
318,Co,61,0,27
319,Co,62,0,27
320,Co,63,0,27
321,Co,64,0,27
322,Co,69,0,27
323,Co,74,0,27
324,Ni,48,0,28
325,Ni,50,0,28
326,Ni,52,0,28
327,Ni,54,0,28
328,Ni,55,0,28
329,Ni,56,0,28
330,Ni,57,0,28
331,Ni,58,1,28
332,Ni,59,0,28
333,Ni,60,0,28
334,Ni,61,0,28
335,Ni,62,0,28
336,Ni,63,0,28
337,Ni,64,0,28
338,Ni,65,0,28
339,Ni,66,0,28
340,Ni,68,0,28
341,Ni,69,0,28
342,Ni,70,0,28
343,Ni,72,0,28
344,Ni,74,0,28
345,Ni,76,0,28
346,Ni,78,0,28
347,Cu,55,0,29
348,Cu,56,0,29
349,Cu,57,0,29
350,Cu,58,0,29
351,Cu,59,0,29
352,Cu,60,0,29
353,Cu,61,0,29
354,Cu,62,0,29
355,Cu,63,1,29
356,Cu,64,0,29
357,Cu,65,0,29
358,Cu,66,0,29
359,Cu,67,0,29
360,Cu,68,0,29
361,Cu,69,0,29
362,Zn,54,0,30
363,Zn,56,0,30
364,Zn,58,0,30
365,Zn,59,0,30
366,Zn,60,0,30
367,Zn,61,0,30
368,Zn,62,0,30
369,Zn,63,0,30
370,Zn,64,1,30
371,Zn,65,0,30
372,Zn,66,0,30
373,Zn,67,0,30
374,Zn,68,0,30
375,Zn,69,0,30
376,Zn,70,0,30
377,Zn,71,0,30
378,Zn,72,0,30
379,Zn,74,0,30
380,Zn,76,0,30
381,Zn,78,0,30
382,Zn,80,0,30
383,Zn,82,0,30
384,Ga,61,0,31
385,Ga,62,0,31
386,Ga,64,0,31
387,Ga,65,0,31
388,Ga,66,0,31
389,Ga,67,0,31
390,Ga,68,0,31
391,Ga,69,1,31
392,Ga,70,0,31
393,Ga,71,0,31
394,Ga,72,0,31
395,Ga,73,0,31
396,Ge,62,0,32
397,Ge,64,0,32
398,Ge,66,0,32
399,Ge,67,0,32
400,Ge,68,0,32
401,Ge,69,0,32
402,Ge,70,0,32
403,Ge,71,0,32
404,Ge,72,0,32
405,Ge,73,0,32
406,Ge,74,0,32
407,Ge,75,0,32
408,Ge,76,1,32
409,Ge,77,0,32
410,Ge,78,0,32
411,Ge,80,0,32
412,Ge,82,0,32
413,Ge,84,0,32
414,Ge,86,0,32
415,Ge,88,0,32
416,As,68,0,33
417,As,69,0,33
418,As,70,0,33
419,As,71,0,33
420,As,72,0,33
421,As,73,0,33
422,As,74,0,33
423,As,75,1,33
424,As,76,0,33
425,As,77,0,33
426,As,78,0,33
427,As,79,0,33
428,As,80,0,33
429,As,81,0,33
430,Se,66,0,34
431,Se,68,0,34
432,Se,70,0,34
433,Se,71,0,34
434,Se,72,0,34
435,Se,73,0,34
436,Se,74,0,34
437,Se,75,0,34
438,Se,76,1,34
439,Se,77,0,34
440,Se,78,0,34
441,Se,79,0,34
442,Se,80,0,34
443,Se,81,0,34
444,Se,82,0,34
445,Se,83,0,34
446,Se,84,0,34
447,Se,86,0,34
448,Se,88,0,34
449,Se,90,0,34
450,Se,92,0,34
451,Se,94,0,34
452,Br,70,0,35
453,Br,72,0,35
454,Br,73,0,35
455,Br,75,0,35
456,Br,76,0,35
457,Br,77,0,35
458,Br,78,0,35
459,Br,79,1,35
460,Br,80,0,35
461,Br,81,0,35
462,Br,82,0,35
463,Br,83,0,35
464,Br,84,0,35
465,Br,85,0,35
466,Br,87,0,35
467,Kr,70,0,36
468,Kr,72,0,36
469,Kr,73,0,36
470,Kr,74,0,36
471,Kr,75,0,36
472,Kr,76,0,36
473,Kr,77,0,36
474,Kr,78,0,36
475,Kr,79,0,36
476,Kr,80,0,36
477,Kr,81,0,36
478,Kr,82,0,36
479,Kr,83,0,36
480,Kr,84,1,36
481,Kr,85,0,36
482,Kr,86,0,36
483,Kr,87,0,36
484,Kr,88,0,36
485,Kr,90,0,36
486,Kr,92,0,36
487,Kr,93,0,36
488,Kr,94,0,36
489,Kr,96,0,36
490,Kr,98,0,36
491,Kr,100,0,36
492,Rb,77,0,37
493,Rb,79,0,37
494,Rb,80,0,37
495,Rb,81,0,37
496,Rb,82,0,37
497,Rb,83,0,37
498,Rb,84,0,37
499,Rb,85,1,37
500,Rb,86,0,37
501,Rb,87,0,37
502,Rb,88,0,37
503,Rb,89,0,37
504,Rb,90,0,37
505,Rb,92,0,37
506,Rb,93,0,37
507,Rb,95,0,37
508,Rb,96,0,37
509,Rb,97,0,37
510,Sr,74,0,38
511,Sr,76,0,38
512,Sr,77,0,38
513,Sr,78,0,38
514,Sr,80,0,38
515,Sr,81,0,38
516,Sr,82,0,38
517,Sr,83,0,38
518,Sr,84,0,38
519,Sr,85,0,38
520,Sr,86,1,38
521,Sr,87,0,38
522,Sr,88,0,38
523,Sr,89,0,38
524,Sr,90,0,38
525,Sr,91,0,38
526,Sr,92,0,38
527,Sr,93,0,38
528,Sr,94,0,38
529,Sr,95,0,38
530,Sr,96,0,38
531,Sr,97,0,38
532,Sr,98,0,38
533,Sr,99,0,38
534,Sr,100,0,38
535,Sr,102,0,38
536,Sr,104,0,38
537,Y,82,0,39
538,Y,83,0,39
539,Y,84,0,39
540,Y,86,0,39
541,Y,87,0,39
542,Y,88,0,39
543,Y,89,1,39
544,Y,90,0,39
545,Y,91,0,39
546,Y,92,0,39
547,Y,93,0,39
548,Y,94,0,39
549,Y,95,0,39
550,Y,96,0,39
551,Zr,80,0,40
552,Zr,82,0,40
553,Zr,84,0,40
554,Zr,85,0,40
555,Zr,86,0,40
556,Zr,88,0,40
557,Zr,89,0,40
558,Zr,90,1,40
559,Zr,91,0,40
560,Zr,92,0,40
561,Zr,93,0,40
562,Zr,94,0,40
563,Zr,95,0,40
564,Zr,96,0,40
565,Zr,97,0,40
566,Zr,98,0,40
567,Zr,100,0,40
568,Zr,102,0,40
569,Zr,104,0,40
570,Zr,106,0,40
571,Zr,108,0,40
572,Zr,110,0,40
573,Nb,82,0,41
574,Nb,84,0,41
575,Nb,90,0,41
576,Nb,91,0,41
577,Nb,93,1,41
578,Nb,95,0,41
579,Nb,96,0,41
580,Nb,97,0,41
581,Nb,98,0,41
582,Nb,99,0,41
583,Nb,100,0,41
584,Mo,84,0,42
585,Mo,86,0,42
586,Mo,87,0,42
587,Mo,88,0,42
588,Mo,90,0,42
589,Mo,91,0,42
590,Mo,92,0,42
591,Mo,93,0,42
592,Mo,94,0,42
593,Mo,95,0,42
594,Mo,96,0,42
595,Mo,97,0,42
596,Mo,98,0,42
597,Mo,99,0,42
598,Mo,100,1,42
599,Mo,101,0,42
600,Mo,102,0,42
601,Mo,104,0,42
602,Mo,106,0,42
603,Mo,108,0,42
604,Mo,110,0,42
605,Mo,112,0,42
606,Mo,114,0,42
607,Tc,93,0,43
608,Tc,94,0,43
609,Tc,95,0,43
610,Tc,96,0,43
611,Tc,97,0,43
612,Tc,99,0,43
613,Tc,100,0,43
614,Tc,101,0,43
615,Tc,102,0,43
616,Tc,103,0,43
617,Ru,88,0,44
618,Ru,90,0,44
619,Ru,92,0,44
620,Ru,94,0,44
621,Ru,95,0,44
622,Ru,96,1,44
623,Ru,97,0,44
624,Ru,98,0,44
625,Ru,99,0,44
626,Ru,100,0,44
627,Ru,101,0,44
628,Ru,102,0,44
629,Ru,103,0,44
630,Ru,104,0,44
631,Ru,105,0,44
632,Ru,106,0,44
633,Ru,108,0,44
634,Ru,110,0,44
635,Ru,112,0,44
636,Ru,114,0,44
637,Ru,116,0,44
638,Ru,118,0,44
639,Ru,120,0,44
640,Rh,97,0,45
641,Rh,99,0,45
642,Rh,100,0,45
643,Rh,101,0,45
644,Rh,103,1,45
645,Rh,104,0,45
646,Rh,105,0,45
647,Rh,106,0,45
648,Rh,107,0,45
649,Rh,108,0,45
650,Rh,109,0,45
651,Rh,114,0,45
652,Rh,116,0,45
653,Rh,118,0,45
654,Pd,92,0,46
655,Pd,94,0,46
656,Pd,96,0,46
657,Pd,97,0,46
658,Pd,98,0,46
659,Pd,100,0,46
660,Pd,101,0,46
661,Pd,102,0,46
662,Pd,103,0,46
663,Pd,104,0,46
664,Pd,105,0,46
665,Pd,106,1,46
666,Pd,107,0,46
667,Pd,108,0,46
668,Pd,109,0,46
669,Pd,110,0,46
670,Pd,111,0,46
671,Pd,112,0,46
672,Pd,114,0,46
673,Pd,116,0,46
674,Pd,118,0,46
675,Pd,120,0,46
676,Pd,122,0,46
677,Ag,97,0,47
678,Ag,101,0,47
679,Ag,102,0,47
680,Ag,103,0,47
681,Ag,104,0,47
682,Ag,105,0,47
683,Ag,106,0,47
684,Ag,107,1,47
685,Ag,108,0,47
686,Ag,109,0,47
687,Ag,110,0,47
688,Ag,111,0,47
689,Ag,113,0,47
690,Ag,114,0,47
691,Ag,115,0,47
692,Cd,98,0,48
693,Cd,100,0,48
694,Cd,102,0,48
695,Cd,103,0,48
696,Cd,104,0,48
697,Cd,105,0,48
698,Cd,106,0,48
699,Cd,107,0,48
700,Cd,108,0,48
701,Cd,109,0,48
702,Cd,110,0,48
703,Cd,111,0,48
704,Cd,112,0,48
705,Cd,113,0,48
706,Cd,114,0,48
707,Cd,115,0,48
708,Cd,116,1,48
709,Cd,117,0,48
710,Cd,118,0,48
711,Cd,119,0,48
712,Cd,120,0,48
713,Cd,122,0,48
714,Cd,124,0,48
715,Cd,126,0,48
716,Cd,128,0,48
717,Cd,130,0,48
718,Cd,132,0,48
719,In,105,0,49
720,In,106,0,49
721,In,107,0,49
722,In,108,0,49
723,In,109,0,49
724,In,110,0,49
725,In,111,0,49
726,In,112,0,49
727,In,113,0,49
728,In,114,0,49
729,In,115,1,49
730,In,116,0,49
731,In,117,0,49
732,In,118,0,49
733,In,119,0,49
734,In,120,0,49
735,In,121,0,49
736,In,122,0,49
737,In,124,0,49
738,In,125,0,49
739,Sn,100,0,50
740,Sn,102,0,50
741,Sn,104,0,50
742,Sn,106,0,50
743,Sn,108,0,50
744,Sn,110,0,50
745,Sn,111,0,50
746,Sn,112,0,50
747,Sn,113,0,50
748,Sn,114,0,50
749,Sn,115,0,50
750,Sn,116,0,50
751,Sn,117,0,50
752,Sn,118,0,50
753,Sn,119,1,50
754,Sn,120,0,50
755,Sn,121,0,50
756,Sn,122,0,50
757,Sn,123,0,50
758,Sn,124,0,50
759,Sn,125,0,50
760,Sn,126,0,50
761,Sn,128,0,50
762,Sn,130,0,50
763,Sn,132,0,50
764,Sn,134,0,50
765,Sn,136,0,50
766,Sb,112,0,51
767,Sb,113,0,51
768,Sb,114,0,51
769,Sb,115,0,51
770,Sb,116,0,51
771,Sb,117,0,51
772,Sb,118,0,51
773,Sb,119,0,51
774,Sb,120,0,51
775,Sb,121,1,51
776,Sb,122,0,51
777,Sb,123,0,51
778,Sb,124,0,51
779,Sb,125,0,51
780,Sb,127,0,51
781,Sb,128,0,51
782,Sb,129,0,51
783,Sb,136,0,51
784,Te,106,0,52
785,Te,108,0,52
786,Te,110,0,52
787,Te,112,0,52
788,Te,114,0,52
789,Te,115,0,52
790,Te,116,0,52
791,Te,117,0,52
792,Te,118,0,52
793,Te,119,0,52
794,Te,120,0,52
795,Te,121,0,52
796,Te,122,0,52
797,Te,123,0,52
798,Te,124,0,52
799,Te,125,1,52
800,Te,126,0,52
801,Te,127,0,52
802,Te,128,0,52
803,Te,129,0,52
804,Te,130,0,52
805,Te,131,0,52
806,Te,132,0,52
807,Te,134,0,52
808,Te,136,0,52
809,Te,138,0,52
810,Te,140,0,52
811,Te,142,0,52
812,I,109,0,53
813,I,113,0,53
814,I,114,0,53
815,I,116,0,53
816,I,118,0,53
817,I,119,0,53
818,I,120,0,53
819,I,121,0,53
820,I,122,0,53
821,I,123,0,53
822,I,124,0,53
823,I,125,0,53
824,I,126,0,53
825,I,127,1,53
826,I,128,0,53
827,I,129,0,53
828,I,130,0,53
829,I,131,0,53
830,I,132,0,53
831,I,133,0,53
832,I,135,0,53
833,Xe,110,0,54
834,Xe,112,0,54
835,Xe,114,0,54
836,Xe,116,0,54
837,Xe,118,0,54
838,Xe,120,0,54
839,Xe,122,0,54
840,Xe,124,0,54
841,Xe,126,0,54
842,Xe,127,0,54
843,Xe,128,0,54
844,Xe,129,0,54
845,Xe,130,0,54
846,Xe,131,0,54
847,Xe,132,0,54
848,Xe,133,0,54
849,Xe,134,0,54
850,Xe,135,0,54
851,Xe,136,1,54
852,Xe,137,0,54
853,Xe,138,0,54
854,Xe,139,0,54
855,Xe,140,0,54
856,Xe,142,0,54
857,Xe,143,0,54
858,Xe,144,0,54
859,Xe,146,0,54
860,Cs,119,0,55
861,Cs,122,0,55
862,Cs,123,0,55
863,Cs,124,0,55
864,Cs,126,0,55
865,Cs,127,0,55
866,Cs,128,0,55
867,Cs,129,0,55
868,Cs,130,0,55
869,Cs,131,0,55
870,Cs,132,0,55
871,Cs,133,1,55
872,Cs,134,0,55
873,Cs,135,0,55
874,Cs,136,0,55
875,Cs,137,0,55
876,Cs,138,0,55
877,Cs,139,0,55
878,Cs,140,0,55
879,Cs,141,0,55
880,Cs,142,0,55
881,Cs,143,0,55
882,Cs,145,0,55
883,Cs,146,0,55
884,Ba,114,0,56
885,Ba,116,0,56
886,Ba,118,0,56
887,Ba,120,0,56
888,Ba,122,0,56
889,Ba,124,0,56
890,Ba,126,0,56
891,Ba,127,0,56
892,Ba,128,0,56
893,Ba,129,0,56
894,Ba,130,0,56
895,Ba,131,0,56
896,Ba,132,0,56
897,Ba,133,0,56
898,Ba,134,0,56
899,Ba,135,0,56
900,Ba,136,0,56
901,Ba,137,0,56
902,Ba,138,1,56
903,Ba,139,0,56
904,Ba,140,0,56
905,Ba,141,0,56
906,Ba,142,0,56
907,Ba,143,0,56
908,Ba,144,0,56
909,Ba,145,0,56
910,Ba,146,0,56
911,Ba,148,0,56
912,Ba,150,0,56
913,La,129,0,57
914,La,131,0,57
915,La,132,0,57
916,La,133,0,57
917,La,134,0,57
918,La,135,0,57
919,La,136,0,57
920,La,137,0,57
921,La,138,0,57
922,La,139,1,57
923,La,140,0,57
924,La,142,0,57
925,La,146,0,57
926,Ce,122,0,58
927,Ce,124,0,58
928,Ce,126,0,58
929,Ce,128,0,58
930,Ce,129,0,58
931,Ce,130,0,58
932,Ce,132,0,58
933,Ce,133,0,58
934,Ce,134,0,58
935,Ce,136,0,58
936,Ce,137,0,58
937,Ce,138,0,58
938,Ce,139,0,58
939,Ce,140,1,58
940,Ce,141,0,58
941,Ce,142,0,58
942,Ce,143,0,58
943,Ce,144,0,58
944,Ce,146,0,58
945,Ce,148,0,58
946,Ce,150,0,58
947,Ce,152,0,58
948,Ce,154,0,58
949,Pr,134,0,59
950,Pr,136,0,59
951,Pr,137,0,59
952,Pr,138,0,59
953,Pr,139,0,59
954,Pr,140,0,59
955,Pr,141,1,59
956,Pr,142,0,59
957,Pr,143,0,59
958,Pr,144,0,59
959,Pr,145,0,59
960,Pr,148,0,59
961,Nd,126,0,60
962,Nd,128,0,60
963,Nd,130,0,60
964,Nd,132,0,60
965,Nd,134,0,60
966,Nd,136,0,60
967,Nd,137,0,60
968,Nd,138,0,60
969,Nd,139,0,60
970,Nd,140,0,60
971,Nd,141,0,60
972,Nd,142,0,60
973,Nd,143,0,60
974,Nd,144,0,60
975,Nd,145,1,60
976,Nd,146,0,60
977,Nd,147,0,60
978,Nd,148,0,60
979,Nd,149,0,60
980,Nd,150,0,60
981,Nd,151,0,60
982,Nd,152,0,60
983,Nd,154,0,60
984,Nd,156,0,60
985,Nd,158,0,60
986,Pm,137,0,61
987,Pm,140,0,61
988,Pm,141,0,61
989,Pm,142,0,61
990,Pm,143,0,61
991,Pm,144,0,61
992,Pm,145,0,61
993,Pm,146,0,61
994,Pm,147,0,61
995,Pm,148,0,61
996,Pm,149,0,61
997,Pm,151,0,61
998,Pm,152,0,61
999,Pm,153,0,61
1000,Pm,155,0,61
1001,Pm,156,0,61
1002,Sm,130,0,62
1003,Sm,132,0,62
1004,Sm,134,0,62
1005,Sm,136,0,62
1006,Sm,138,0,62
1007,Sm,139,0,62
1008,Sm,140,0,62
1009,Sm,141,0,62
1010,Sm,142,0,62
1011,Sm,143,0,62
1012,Sm,144,0,62
1013,Sm,145,0,62
1014,Sm,146,0,62
1015,Sm,147,0,62
1016,Sm,148,0,62
1017,Sm,149,0,62
1018,Sm,150,1,62
1019,Sm,151,0,62
1020,Sm,152,0,62
1021,Sm,153,0,62
1022,Sm,154,0,62
1023,Sm,155,0,62
1024,Sm,156,0,62
1025,Sm,158,0,62
1026,Sm,159,0,62
1027,Sm,160,0,62
1028,Sm,162,0,62
1029,Eu,131,0,63
1030,Eu,140,0,63
1031,Eu,141,0,63
1032,Eu,142,0,63
1033,Eu,143,0,63
1034,Eu,144,0,63
1035,Eu,145,0,63
1036,Eu,146,0,63
1037,Eu,147,0,63
1038,Eu,148,0,63
1039,Eu,149,0,63
1040,Eu,151,0,63
1041,Eu,152,0,63
1042,Eu,153,1,63
1043,Eu,154,0,63
1044,Eu,155,0,63
1045,Eu,156,0,63
1046,Eu,157,0,63
1047,Eu,159,0,63
1048,Gd,134,0,64
1049,Gd,136,0,64
1050,Gd,138,0,64
1051,Gd,140,0,64
1052,Gd,141,0,64
1053,Gd,142,0,64
1054,Gd,144,0,64
1055,Gd,145,0,64
1056,Gd,146,0,64
1057,Gd,147,0,64
1058,Gd,148,0,64
1059,Gd,149,0,64
1060,Gd,150,0,64
1061,Gd,151,0,64
1062,Gd,152,0,64
1063,Gd,153,0,64
1064,Gd,154,0,64
1065,Gd,155,0,64
1066,Gd,156,0,64
1067,Gd,157,0,64
1068,Gd,158,1,64
1069,Gd,159,0,64
1070,Gd,160,0,64
1071,Gd,161,0,64
1072,Gd,162,0,64
1073,Gd,164,0,64
1074,Tb,142,0,65
1075,Tb,144,0,65
1076,Tb,146,0,65
1077,Tb,148,0,65
1078,Tb,149,0,65
1079,Tb,152,0,65
1080,Tb,153,0,65
1081,Tb,155,0,65
1082,Tb,156,0,65
1083,Tb,157,0,65
1084,Tb,158,0,65
1085,Tb,159,1,65
1086,Tb,160,0,65
1087,Tb,161,0,65
1088,Tb,162,0,65
1089,Tb,163,0,65
1090,Dy,142,0,66
1091,Dy,144,0,66
1092,Dy,146,0,66
1093,Dy,147,0,66
1094,Dy,148,0,66
1095,Dy,150,0,66
1096,Dy,152,0,66
1097,Dy,154,0,66
1098,Dy,155,0,66
1099,Dy,156,0,66
1100,Dy,157,0,66
1101,Dy,158,0,66
1102,Dy,159,0,66
1103,Dy,160,0,66
1104,Dy,161,0,66
1105,Dy,162,0,66
1106,Dy,163,0,66
1107,Dy,164,1,66
1108,Dy,165,0,66
1109,Dy,166,0,66
1110,Dy,168,0,66
1111,Dy,170,0,66
1112,Ho,141,0,67
1113,Ho,150,0,67
1114,Ho,152,0,67
1115,Ho,153,0,67
1116,Ho,154,0,67
1117,Ho,155,0,67
1118,Ho,156,0,67
1119,Ho,157,0,67
1120,Ho,158,0,67
1121,Ho,159,0,67
1122,Ho,160,0,67
1123,Ho,161,0,67
1124,Ho,162,0,67
1125,Ho,163,0,67
1126,Ho,164,0,67
1127,Ho,165,1,67
1128,Ho,166,0,67
1129,Ho,167,0,67
1130,Ho,168,0,67
1131,Ho,169,0,67
1132,Er,144,0,68
1133,Er,146,0,68
1134,Er,148,0,68
1135,Er,150,0,68
1136,Er,152,0,68
1137,Er,154,0,68
1138,Er,155,0,68
1139,Er,156,0,68
1140,Er,157,0,68
1141,Er,158,0,68
1142,Er,159,0,68
1143,Er,160,0,68
1144,Er,161,0,68
1145,Er,162,0,68
1146,Er,163,0,68
1147,Er,164,0,68
1148,Er,165,0,68
1149,Er,166,1,68
1150,Er,167,0,68
1151,Er,168,0,68
1152,Er,169,0,68
1153,Er,170,0,68
1154,Er,171,0,68
1155,Er,172,0,68
1156,Er,174,0,68
1157,Tm,147,0,69
1158,Tm,155,0,69
1159,Tm,156,0,69
1160,Tm,157,0,69
1161,Tm,158,0,69
1162,Tm,159,0,69
1163,Tm,160,0,69
1164,Tm,161,0,69
1165,Tm,162,0,69
1166,Tm,163,0,69
1167,Tm,164,0,69
1168,Tm,165,0,69
1169,Tm,166,0,69
1170,Tm,167,0,69
1171,Tm,168,0,69
1172,Tm,169,1,69
1173,Tm,170,0,69
1174,Tm,171,0,69
1175,Tm,172,0,69
1176,Yb,150,0,70
1177,Yb,152,0,70
1178,Yb,153,0,70
1179,Yb,154,0,70
1180,Yb,156,0,70
1181,Yb,157,0,70
1182,Yb,158,0,70
1183,Yb,160,0,70
1184,Yb,161,0,70
1185,Yb,162,0,70
1186,Yb,163,0,70
1187,Yb,164,0,70
1188,Yb,165,0,70
1189,Yb,166,0,70
1190,Yb,167,0,70
1191,Yb,168,0,70
1192,Yb,169,0,70
1193,Yb,170,0,70
1194,Yb,171,0,70
1195,Yb,172,0,70
1196,Yb,173,0,70
1197,Yb,174,1,70
1198,Yb,176,0,70
1199,Yb,178,0,70
1200,Yb,180,0,70
1201,Lu,151,0,71
1202,Lu,153,0,71
1203,Lu,155,0,71
1204,Lu,161,0,71
1205,Lu,165,0,71
1206,Lu,167,0,71
1207,Lu,169,0,71
1208,Lu,170,0,71
1209,Lu,171,0,71
1210,Lu,172,0,71
1211,Lu,173,0,71
1212,Lu,175,1,71
1213,Lu,176,0,71
1214,Lu,177,0,71
1215,Lu,180,0,71
1216,Hf,154,0,72
1217,Hf,156,0,72
1218,Hf,157,0,72
1219,Hf,158,0,72
1220,Hf,159,0,72
1221,Hf,160,0,72
1222,Hf,162,0,72
1223,Hf,164,0,72
1224,Hf,166,0,72
1225,Hf,168,0,72
1226,Hf,170,0,72
1227,Hf,172,0,72
1228,Hf,173,0,72
1229,Hf,174,0,72
1230,Hf,176,1,72
1231,Hf,177,0,72
1232,Hf,178,0,72
1233,Hf,179,0,72
1234,Hf,180,0,72
1235,Hf,181,0,72
1236,Hf,182,0,72
1237,Hf,184,0,72
1238,Hf,186,0,72
1239,Hf,188,0,72
1240,Ta,155,0,73
1241,Ta,157,0,73
1242,Ta,173,0,73
1243,Ta,174,0,73
1244,Ta,175,0,73
1245,Ta,177,0,73
1246,Ta,179,0,73
1247,Ta,180,0,73
1248,Ta,181,1,73
1249,Ta,182,0,73
1250,Ta,183,0,73
1251,W,158,0,74
1252,W,160,0,74
1253,W,162,0,74
1254,W,164,0,74
1255,W,166,0,74
1256,W,168,0,74
1257,W,170,0,74
1258,W,172,0,74
1259,W,173,0,74
1260,W,174,0,74
1261,W,176,0,74
1262,W,177,0,74
1263,W,178,0,74
1264,W,180,0,74
1265,W,181,0,74
1266,W,182,0,74
1267,W,183,0,74
1268,W,184,1,74
1269,W,185,0,74
1270,W,186,0,74
1271,W,187,0,74
1272,W,188,0,74
1273,W,190,0,74
1274,Re,161,0,75
1275,Re,176,0,75
1276,Re,177,0,75
1277,Re,181,0,75
1278,Re,182,0,75
1279,Re,183,0,75
1280,Re,185,0,75
1281,Re,186,0,75
1282,Re,187,1,75
1283,Re,188,0,75
1284,Re,189,0,75
1285,Os,162,0,76
1286,Os,164,0,76
1287,Os,166,0,76
1288,Os,168,0,76
1289,Os,170,0,76
1290,Os,172,0,76
1291,Os,174,0,76
1292,Os,176,0,76
1293,Os,177,0,76
1294,Os,178,0,76
1295,Os,180,0,76
1296,Os,181,0,76
1297,Os,182,0,76
1298,Os,183,0,76
1299,Os,184,0,76
1300,Os,185,0,76
1301,Os,186,0,76
1302,Os,187,0,76
1303,Os,188,0,76
1304,Os,189,0,76
1305,Os,190,0,76
1306,Os,191,0,76
1307,Os,192,1,76
1308,Os,193,0,76
1309,Os,194,0,76
1310,Os,196,0,76
1311,Ir,167,0,77
1312,Ir,177,0,77
1313,Ir,181,0,77
1314,Ir,183,0,77
1315,Ir,184,0,77
1316,Ir,185,0,77
1317,Ir,186,0,77
1318,Ir,187,0,77
1319,Ir,188,0,77
1320,Ir,189,0,77
1321,Ir,190,0,77
1322,Ir,191,0,77
1323,Ir,192,0,77
1324,Ir,193,1,77
1325,Ir,194,0,77
1326,Ir,195,0,77
1327,Ir,197,0,77
1328,Pt,166,0,78
1329,Pt,168,0,78
1330,Pt,170,0,78
1331,Pt,172,0,78
1332,Pt,174,0,78
1333,Pt,176,0,78
1334,Pt,177,0,78
1335,Pt,178,0,78
1336,Pt,179,0,78
1337,Pt,180,0,78
1338,Pt,181,0,78
1339,Pt,182,0,78
1340,Pt,183,0,78
1341,Pt,184,0,78
1342,Pt,185,0,78
1343,Pt,186,0,78
1344,Pt,187,0,78
1345,Pt,188,0,78
1346,Pt,189,0,78
1347,Pt,190,0,78
1348,Pt,191,0,78
1349,Pt,192,0,78
1350,Pt,193,0,78
1351,Pt,194,0,78
1352,Pt,195,0,78
1353,Pt,196,0,78
1354,Pt,197,0,78
1355,Pt,198,1,78
1356,Pt,199,0,78
1357,Pt,200,0,78
1358,Pt,202,0,78
1359,Au,184,0,79
1360,Au,185,0,79
1361,Au,186,0,79
1362,Au,187,0,79
1363,Au,189,0,79
1364,Au,190,0,79
1365,Au,191,0,79
1366,Au,192,0,79
1367,Au,193,0,79
1368,Au,194,0,79
1369,Au,195,0,79
1370,Au,196,0,79
1371,Au,197,1,79
1372,Au,198,0,79
1373,Au,199,0,79
1374,Au,201,0,79
1375,Hg,172,0,80
1376,Hg,174,0,80
1377,Hg,176,0,80
1378,Hg,178,0,80
1379,Hg,180,0,80
1380,Hg,181,0,80
1381,Hg,182,0,80
1382,Hg,183,0,80
1383,Hg,184,0,80
1384,Hg,185,0,80
1385,Hg,186,0,80
1386,Hg,187,0,80
1387,Hg,188,0,80
1388,Hg,189,0,80
1389,Hg,190,0,80
1390,Hg,192,0,80
1391,Hg,193,0,80
1392,Hg,194,0,80
1393,Hg,195,0,80
1394,Hg,196,0,80
1395,Hg,197,0,80
1396,Hg,198,1,80
1397,Hg,199,0,80
1398,Hg,200,0,80
1399,Hg,201,0,80
1400,Hg,202,0,80
1401,Hg,203,0,80
1402,Hg,204,0,80
1403,Hg,205,0,80
1404,Hg,206,0,80
1405,Hg,208,0,80
1406,Tl,181,0,81
1407,Tl,193,0,81
1408,Tl,194,0,81
1409,Tl,195,0,81
1410,Tl,196,0,81
1411,Tl,197,0,81
1412,Tl,198,0,81
1413,Tl,199,0,81
1414,Tl,200,0,81
1415,Tl,201,0,81
1416,Tl,202,0,81
1417,Tl,203,0,81
1418,Tl,204,0,81
1419,Tl,205,1,81
1420,Tl,206,0,81
1421,Tl,207,0,81
1422,Pb,180,0,82
1423,Pb,182,0,82
1424,Pb,184,0,82
1425,Pb,186,0,82
1426,Pb,188,0,82
1427,Pb,190,0,82
1428,Pb,192,0,82
1429,Pb,194,0,82
1430,Pb,195,0,82
1431,Pb,196,0,82
1432,Pb,197,0,82
1433,Pb,198,0,82
1434,Pb,199,0,82
1435,Pb,200,0,82
1436,Pb,201,0,82
1437,Pb,202,0,82
1438,Pb,203,0,82
1439,Pb,204,0,82
1440,Pb,205,0,82
1441,Pb,206,0,82
1442,Pb,207,0,82
1443,Pb,208,1,82
1444,Pb,209,0,82
1445,Pb,210,0,82
1446,Pb,211,0,82
1447,Pb,212,0,82
1448,Pb,214,0,82
1449,Bi,185,0,83
1450,Bi,199,0,83
1451,Bi,200,0,83
1452,Bi,201,0,83
1453,Bi,202,0,83
1454,Bi,203,0,83
1455,Bi,204,0,83
1456,Bi,205,0,83
1457,Bi,207,0,83
1458,Bi,209,1,83
1459,Bi,210,0,83
1460,Bi,211,0,83
1461,Bi,213,0,83
1462,Bi,214,0,83
1463,Po,188,0,84
1464,Po,190,0,84
1465,Po,192,0,84
1466,Po,194,0,84
1467,Po,196,0,84
1468,Po,198,0,84
1469,Po,200,0,84
1470,Po,201,0,84
1471,Po,202,0,84
1472,Po,203,0,84
1473,Po,204,0,84
1474,Po,205,0,84
1475,Po,206,0,84
1476,Po,207,0,84
1477,Po,208,0,84
1478,Po,209,0,84
1479,Po,210,0,84
1480,Po,211,0,84
1481,Po,212,0,84
1482,Po,213,0,84
1483,Po,214,0,84
1484,Po,215,0,84
1485,Po,216,0,84
1486,Po,218,0,84
1487,Po,220,0,84
1488,At,203,0,85
1489,At,204,0,85
1490,At,205,0,85
1491,At,207,0,85
1492,At,208,0,85
1493,At,209,0,85
1494,At,211,0,85
1495,At,213,0,85
1496,At,214,0,85
1497,At,215,0,85
1498,At,216,0,85
1499,At,217,0,85
1500,Rn,196,0,86
1501,Rn,198,0,86
1502,Rn,200,0,86
1503,Rn,202,0,86
1504,Rn,204,0,86
1505,Rn,205,0,86
1506,Rn,206,0,86
1507,Rn,207,0,86
1508,Rn,208,0,86
1509,Rn,209,0,86
1510,Rn,210,0,86
1511,Rn,211,0,86
1512,Rn,212,0,86
1513,Rn,214,0,86
1514,Rn,215,0,86
1515,Rn,216,0,86
1516,Rn,217,0,86
1517,Rn,218,0,86
1518,Rn,219,0,86
1519,Rn,220,0,86
1520,Rn,222,0,86
1521,Rn,224,0,86
1522,Rn,225,0,86
1523,Rn,226,0,86
1524,Rn,228,0,86
1525,Fr,207,0,87
1526,Fr,208,0,87
1527,Fr,209,0,87
1528,Fr,210,0,87
1529,Fr,211,0,87
1530,Fr,212,0,87
1531,Fr,213,0,87
1532,Fr,215,0,87
1533,Fr,217,0,87
1534,Fr,218,0,87
1535,Fr,219,0,87
1536,Fr,220,0,87
1537,Fr,221,0,87
1538,Fr,222,0,87
1539,Fr,224,0,87
1540,Fr,225,0,87
1541,Fr,226,0,87
1542,Fr,227,0,87
1543,Fr,228,0,87
1544,Ra,202,0,88
1545,Ra,204,0,88
1546,Ra,206,0,88
1547,Ra,208,0,88
1548,Ra,209,0,88
1549,Ra,210,0,88
1550,Ra,212,0,88
1551,Ra,213,0,88
1552,Ra,214,0,88
1553,Ra,216,0,88
1554,Ra,218,0,88
1555,Ra,220,0,88
1556,Ra,221,0,88
1557,Ra,222,0,88
1558,Ra,223,0,88
1559,Ra,224,0,88
1560,Ra,225,0,88
1561,Ra,226,0,88
1562,Ra,227,0,88
1563,Ra,228,0,88
1564,Ra,230,0,88
1565,Ra,232,0,88
1566,Ra,234,0,88
1567,Ac,215,0,89
1568,Ac,217,0,89
1569,Ac,219,0,89
1570,Ac,222,0,89
1571,Ac,224,0,89
1572,Ac,227,0,89
1573,Ac,228,0,89
1574,Th,210,0,90
1575,Th,212,0,90
1576,Th,214,0,90
1577,Th,216,0,90
1578,Th,218,0,90
1579,Th,220,0,90
1580,Th,222,0,90
1581,Th,224,0,90
1582,Th,226,0,90
1583,Th,227,0,90
1584,Th,228,0,90
1585,Th,229,0,90
1586,Th,230,0,90
1587,Th,231,0,90
1588,Th,232,1,90
1589,Th,233,0,90
1590,Th,234,0,90
1591,Th,236,0,90
1592,Th,238,0,90
1593,Pa,219,0,91
1594,Pa,221,0,91
1595,Pa,228,0,91
1596,Pa,231,0,91
1597,Pa,233,0,91
1598,Pa,234,0,91
1599,U,218,0,92
1600,U,222,0,92
1601,U,224,0,92
1602,U,226,0,92
1603,U,228,0,92
1604,U,230,0,92
1605,U,232,0,92
1606,U,233,0,92
1607,U,234,0,92
1608,U,235,0,92
1609,U,236,0,92
1610,U,237,0,92
1611,U,238,1,92
1612,U,239,0,92
1613,U,240,0,92
1614,U,242,0,92
1615,Np,235,0,93
1616,Np,237,0,93
1617,Np,238,0,93
1618,Np,239,0,93
1619,Pu,228,0,94
1620,Pu,230,0,94
1621,Pu,232,0,94
1622,Pu,234,0,94
1623,Pu,236,0,94
1624,Pu,237,0,94
1625,Pu,238,0,94
1626,Pu,239,0,94
1627,Pu,240,0,94
1628,Pu,241,0,94
1629,Pu,242,0,94
1630,Pu,243,0,94
1631,Pu,244,0,94
1632,Pu,246,0,94
1633,Am,236,0,95
1634,Am,238,0,95
1635,Am,241,0,95
1636,Am,242,0,95
1637,Am,243,0,95
1638,Cm,234,0,96
1639,Cm,236,0,96
1640,Cm,238,0,96
1641,Cm,240,0,96
1642,Cm,241,0,96
1643,Cm,242,0,96
1644,Cm,243,0,96
1645,Cm,244,0,96
1646,Cm,245,0,96
1647,Cm,246,0,96
1648,Cm,247,0,96
1649,Cm,248,0,96
1650,Cm,250,0,96
1651,Cm,252,0,96
1652,Bk,245,0,97
1653,Bk,249,0,97
1654,Bk,250,0,97
1655,Cf,238,0,98
1656,Cf,240,0,98
1657,Cf,242,0,98
1658,Cf,244,0,98
1659,Cf,246,0,98
1660,Cf,248,0,98
1661,Cf,249,0,98
1662,Cf,250,0,98
1663,Cf,251,0,98
1664,Cf,252,0,98
1665,Cf,254,0,98
1666,Cf,256,0,98
1667,Es,249,0,99
1668,Es,253,0,99
1669,Fm,242,0,100
1670,Fm,244,0,100
1671,Fm,246,0,100
1672,Fm,248,0,100
1673,Fm,250,0,100
1674,Fm,252,0,100
1675,Fm,254,0,100
1676,Fm,255,0,100
1677,Fm,256,0,100
1678,Fm,258,0,100
1679,No,250,0,102
1680,No,252,0,102
1681,No,254,0,102
1682,No,256,0,102
1683,No,258,0,102
1684,No,260,0,102
1685,No,262,0,102
1686,Rf,254,0,104
1687,Rf,256,0,104
1688,Rf,258,0,104
1689,Rf,260,0,104
1690,Rf,262,0,104
1691,Sg,258,0,106
1692,Sg,260,0,106
1693,Sg,262,0,106
1694,Sg,264,0,106
1695,Sg,266,0,106
1696,Hs,264,0,108
1697,Hs,266,0,108
1698,Hs,270,0,108
1699,Ds,270,0,110
1700,16,290,0,116
1701,16,292,0,116
1702,18,294,0,118
